human_domain	domain_name	viral_interactor	p.value	fdr_pval	observed_statistic	human_domain_url	viral_interactor_url	domain_count_per_viral_interactor	viral_interactor_degree	total_domain_count	total_background_proteins
IPR007125	Histone H2A/H2B/H3	P15059	4.05677689886077e-52	1.10279423218631e-47	1135.03645843948	<a href='https://www.ebi.ac.uk/interpro/entry/IPR007125'>IPR007125</a>	<a href='http://www.uniprot.org/uniprot/P15059'>P15059</a>	23	36	48	15940
IPR007125	Histone H2A/H2B/H3	Q05127	2.09663502782657e-50	2.84974632982188e-46	485.785008652631	<a href='https://www.ebi.ac.uk/interpro/entry/IPR007125'>IPR007125</a>	<a href='http://www.uniprot.org/uniprot/Q05127'>Q05127</a>	25	60	48	15940
IPR009072	Histone-fold	P15059	1.70026673505199e-48	1.54066836418845e-44	565.780888458644	<a href='https://www.ebi.ac.uk/interpro/entry/IPR009072'>IPR009072</a>	<a href='http://www.uniprot.org/uniprot/P15059'>P15059</a>	24	36	80	15940
IPR007125	Histone H2A/H2B/H3	P04487	6.44555461823576e-46	4.38039891855302e-42	187.547304100524	<a href='https://www.ebi.ac.uk/interpro/entry/IPR007125'>IPR007125</a>	<a href='http://www.uniprot.org/uniprot/P04487'>P04487</a>	28	145	48	15940
IPR009072	Histone-fold	Q05127	1.0754531533949e-45	5.8470237043774e-42	221.707402810612	<a href='https://www.ebi.ac.uk/interpro/entry/IPR009072'>IPR009072</a>	<a href='http://www.uniprot.org/uniprot/Q05127'>Q05127</a>	26	60	80	15940
IPR007125	Histone H2A/H2B/H3	O56264	1.60339366165652e-40	7.26444221641179e-37	186.272119764387	<a href='https://www.ebi.ac.uk/interpro/entry/IPR007125'>IPR007125</a>	<a href='http://www.uniprot.org/uniprot/O56264'>O56264</a>	24	108	48	15940
IPR009072	Histone-fold	P04487	1.18762817700006e-39	4.61206919479564e-36	76.9756833328226	<a href='https://www.ebi.ac.uk/interpro/entry/IPR009072'>IPR009072</a>	<a href='http://www.uniprot.org/uniprot/P04487'>P04487</a>	29	145	80	15940
IPR009072	Histone-fold	O56264	8.16791099532529e-36	2.77545615621153e-32	86.0075673137988	<a href='https://www.ebi.ac.uk/interpro/entry/IPR009072'>IPR009072</a>	<a href='http://www.uniprot.org/uniprot/O56264'>O56264</a>	25	108	80	15940
IPR007125	Histone H2A/H2B/H3	P03495	3.84176771619621e-35	1.16038459552309e-31	253.179254311181	<a href='https://www.ebi.ac.uk/interpro/entry/IPR007125'>IPR007125</a>	<a href='http://www.uniprot.org/uniprot/P03495'>P03495</a>	19	60	48	15940
IPR004827	Basic-leucine zipper domain	P0C746	2.4784485416124e-34	6.73741451551914e-31	Inf	<a href='https://www.ebi.ac.uk/interpro/entry/IPR004827'>IPR004827</a>	<a href='http://www.uniprot.org/uniprot/P0C746'>P0C746</a>	14	14	70	15940
IPR007125	Histone H2A/H2B/H3	P0C1C6	6.49826380605558e-34	1.60589821185286e-30	268.944255596948	<a href='https://www.ebi.ac.uk/interpro/entry/IPR007125'>IPR007125</a>	<a href='http://www.uniprot.org/uniprot/P0C1C6'>P0C1C6</a>	18	53	48	15940
IPR009072	Histone-fold	P03495	2.81735295493725e-32	6.38224356058451e-29	131.244673968416	<a href='https://www.ebi.ac.uk/interpro/entry/IPR009072'>IPR009072</a>	<a href='http://www.uniprot.org/uniprot/P03495'>P03495</a>	20	60	80	15940
IPR004827	Basic-leucine zipper domain	Q9DGW5	6.92530700390533e-32	1.44813496610894e-28	Inf	<a href='https://www.ebi.ac.uk/interpro/entry/IPR004827'>IPR004827</a>	<a href='http://www.uniprot.org/uniprot/Q9DGW5'>Q9DGW5</a>	13	13	70	15940
IPR009072	Histone-fold	P0C1C6	2.13001016976005e-31	4.13587117533981e-28	144.289735079448	<a href='https://www.ebi.ac.uk/interpro/entry/IPR009072'>IPR009072</a>	<a href='http://www.uniprot.org/uniprot/P0C1C6'>P0C1C6</a>	19	53	80	15940
IPR010579	MHC class I, alpha chain, C-terminal	P04578	1.74511090662681e-29	3.16260632571622e-26	136.496547542575	<a href='https://www.ebi.ac.uk/interpro/entry/IPR010579'>IPR010579</a>	<a href='http://www.uniprot.org/uniprot/P04578'>P04578</a>	18	83	50	15940
IPR032454	Histone H2A, C-terminal domain	P23057	4.18555259758329e-29	7.11125386329402e-26	8372.51617143948	<a href='https://www.ebi.ac.uk/interpro/entry/IPR032454'>IPR032454</a>	<a href='http://www.uniprot.org/uniprot/P23057'>P23057</a>	10	12	20	15940
IPR000504	RNA recognition motif domain	Q6QDQ4	6.91581794144235e-29	1.10587997011864e-25	39.2506159524078	<a href='https://www.ebi.ac.uk/interpro/entry/IPR000504'>IPR000504</a>	<a href='http://www.uniprot.org/uniprot/Q6QDQ4'>Q6QDQ4</a>	27	56	395	15940
IPR029055	Nucleophile aminohydrolases, N-terminal	P13285	9.77860050509168e-29	1.47678597850229e-25	206.503558234107	<a href='https://www.ebi.ac.uk/interpro/entry/IPR029055'>IPR029055</a>	<a href='http://www.uniprot.org/uniprot/P13285'>P13285</a>	16	74	37	15940
IPR001039	MHC class I alpha chain, alpha1 alpha2 domains	P04578	8.60116732551421e-28	1.23060069777252e-24	103.8412374227	<a href='https://www.ebi.ac.uk/interpro/entry/IPR001039'>IPR001039</a>	<a href='http://www.uniprot.org/uniprot/P04578'>P04578</a>	18	83	60	15940
IPR011161	MHC class I-like antigen recognition-like	P04578	2.7685049895702e-26	3.76295198182382e-23	82.2728056423235	<a href='https://www.ebi.ac.uk/interpro/entry/IPR011161'>IPR011161</a>	<a href='http://www.uniprot.org/uniprot/P04578'>P04578</a>	18	83	71	15940
IPR032454	Histone H2A, C-terminal domain	Q84940	5.83500956794906e-26	7.55328095691082e-23	1675.29986064914	<a href='https://www.ebi.ac.uk/interpro/entry/IPR032454'>IPR032454</a>	<a href='http://www.uniprot.org/uniprot/Q84940'>Q84940</a>	10	19	20	15940
IPR007125	Histone H2A/H2B/H3	P23057	1.47703127741886e-24	1.82507355660701e-21	2178.89607089328	<a href='https://www.ebi.ac.uk/interpro/entry/IPR007125'>IPR007125</a>	<a href='http://www.uniprot.org/uniprot/P23057'>P23057</a>	10	12	48	15940
IPR032454	Histone H2A, C-terminal domain	P68466	8.24663996281241e-24	9.74681133691707e-21	867.16784300827	<a href='https://www.ebi.ac.uk/interpro/entry/IPR032454'>IPR032454</a>	<a href='http://www.uniprot.org/uniprot/P68466'>P68466</a>	10	28	20	15940
IPR032454	Histone H2A, C-terminal domain	P0C1C7	1.25797868376561e-23	1.42487052247852e-20	815.210385627564	<a href='https://www.ebi.ac.uk/interpro/entry/IPR032454'>IPR032454</a>	<a href='http://www.uniprot.org/uniprot/P0C1C7'>P0C1C7</a>	10	29	20	15940
IPR003597	Immunoglobulin C1-set	P04578	1.76926357578365e-23	1.92382644176411e-20	46.2050531162545	<a href='https://www.ebi.ac.uk/interpro/entry/IPR003597'>IPR003597</a>	<a href='http://www.uniprot.org/uniprot/P04578'>P04578</a>	19	83	120	15940
IPR014720	Double-stranded RNA-binding domain	O92551	2.90381049219469e-23	3.03604555460848e-20	747.895621876136	<a href='https://www.ebi.ac.uk/interpro/entry/IPR014720'>IPR014720</a>	<a href='http://www.uniprot.org/uniprot/O92551'>O92551</a>	10	19	33	15940
IPR032454	Histone H2A, C-terminal domain	Q997F2	8.21196471904565e-23	8.26792773787174e-20	642.891352638126	<a href='https://www.ebi.ac.uk/interpro/entry/IPR032454'>IPR032454</a>	<a href='http://www.uniprot.org/uniprot/Q997F2'>Q997F2</a>	10	34	20	15940
IPR032454	Histone H2A, C-terminal domain	P15059	1.59003906578099e-22	1.54370078443538e-19	598.694771457133	<a href='https://www.ebi.ac.uk/interpro/entry/IPR032454'>IPR032454</a>	<a href='http://www.uniprot.org/uniprot/P15059'>P15059</a>	10	36	20	15940
IPR009072	Histone-fold	P23057	3.7045286664424e-22	3.47254852650242e-19	1124.92226283605	<a href='https://www.ebi.ac.uk/interpro/entry/IPR009072'>IPR009072</a>	<a href='http://www.uniprot.org/uniprot/P23057'>P23057</a>	10	12	80	15940
IPR009072	Histone-fold	Q84940	1.82029491190987e-21	1.6494298961786e-18	312.983150961069	<a href='https://www.ebi.ac.uk/interpro/entry/IPR009072'>IPR009072</a>	<a href='http://www.uniprot.org/uniprot/Q84940'>Q84940</a>	11	19	80	15940
IPR007125	Histone H2A/H2B/H3	Q84940	2.03616627381287e-21	1.78552077378481e-18	456.176738493093	<a href='https://www.ebi.ac.uk/interpro/entry/IPR007125'>IPR007125</a>	<a href='http://www.uniprot.org/uniprot/Q84940'>Q84940</a>	10	19	48	15940
IPR011162	MHC classes I/II-like antigen recognition protein	P04578	3.05887951785979e-21	2.59851815042189e-18	55.3029463093107	<a href='https://www.ebi.ac.uk/interpro/entry/IPR011162'>IPR011162</a>	<a href='http://www.uniprot.org/uniprot/P04578'>P04578</a>	16	83	84	15940
IPR001452	SH3 domain	Q9WNA9	3.2346037701092e-21	2.66452936020147e-18	Inf	<a href='https://www.ebi.ac.uk/interpro/entry/IPR001452'>IPR001452</a>	<a href='http://www.uniprot.org/uniprot/Q9WNA9'>Q9WNA9</a>	12	12	318	15940
IPR001881	EGF-like calcium-binding domain	Q9WMX2-PRO_0000037548	6.12682107442703e-21	4.89857364962425e-18	22.8687586317544	<a href='https://www.ebi.ac.uk/interpro/entry/IPR001881'>IPR001881</a>	<a href='http://www.uniprot.org/uniprot/Q9WMX2-PRO_0000037548'>Q9WMX2-PRO_0000037548</a>	22	195	109	15940
IPR014720	Double-stranded RNA-binding domain	Q20MH3	9.30879591670802e-21	7.04116447147783e-18	340.487858657833	<a href='https://www.ebi.ac.uk/interpro/entry/IPR014720'>IPR014720</a>	<a href='http://www.uniprot.org/uniprot/Q20MH3'>Q20MH3</a>	10	30	33	15940
IPR027409	GroEL-like apical domain	P09992	9.32467337305775e-21	7.04116447147783e-18	1813.01173419659	<a href='https://www.ebi.ac.uk/interpro/entry/IPR027409'>IPR027409</a>	<a href='http://www.uniprot.org/uniprot/P09992'>P09992</a>	8	11	30	15940
IPR032454	Histone H2A, C-terminal domain	P0C1C6	1.20794499839665e-20	8.87480455038228e-18	364.050775418413	<a href='https://www.ebi.ac.uk/interpro/entry/IPR032454'>IPR032454</a>	<a href='http://www.uniprot.org/uniprot/P0C1C6'>P0C1C6</a>	10	53	20	15940
IPR027413	GroEL-like equatorial domain	P09992	1.25659318908014e-20	8.98927085577747e-18	1828.48144082233	<a href='https://www.ebi.ac.uk/interpro/entry/IPR027413'>IPR027413</a>	<a href='http://www.uniprot.org/uniprot/P09992'>P09992</a>	8	11	31	15940
IPR000742	EGF-like domain	Q9WMX2-PRO_0000037548	1.35625776981344e-20	9.45346441400219e-18	14.375461441084	<a href='https://www.ebi.ac.uk/interpro/entry/IPR000742'>IPR000742</a>	<a href='http://www.uniprot.org/uniprot/Q9WMX2-PRO_0000037548'>Q9WMX2-PRO_0000037548</a>	27	195	201	15940
IPR014720	Double-stranded RNA-binding domain	Q6DP93	1.99352318344427e-20	1.35479835546873e-17	308.770312354485	<a href='https://www.ebi.ac.uk/interpro/entry/IPR014720'>IPR014720</a>	<a href='http://www.uniprot.org/uniprot/Q6DP93'>Q6DP93</a>	10	32	33	15940
IPR032454	Histone H2A, C-terminal domain	P03495	4.65189527638188e-20	3.0108838379325e-17	311.611986150777	<a href='https://www.ebi.ac.uk/interpro/entry/IPR032454'>IPR032454</a>	<a href='http://www.uniprot.org/uniprot/P03495'>P03495</a>	10	60	20	15940
IPR032454	Histone H2A, C-terminal domain	Q05127	4.65189527638188e-20	3.0108838379325e-17	311.611986150777	<a href='https://www.ebi.ac.uk/interpro/entry/IPR032454'>IPR032454</a>	<a href='http://www.uniprot.org/uniprot/Q05127'>Q05127</a>	10	60	20	15940
IPR000504	RNA recognition motif domain	D1LN35	5.31053622535914e-20	3.35724690116658e-17	34.0510388289776	<a href='https://www.ebi.ac.uk/interpro/entry/IPR000504'>IPR000504</a>	<a href='http://www.uniprot.org/uniprot/D1LN35'>D1LN35</a>	19	42	395	15940
IPR032454	Histone H2A, C-terminal domain	Q9WMX2	5.56084793266741e-20	3.35924644892513e-17	306.155876645499	<a href='https://www.ebi.ac.uk/interpro/entry/IPR032454'>IPR032454</a>	<a href='http://www.uniprot.org/uniprot/Q9WMX2'>Q9WMX2</a>	10	61	20	15940
IPR032454	Histone H2A, C-terminal domain	Q9WPI5	5.56084793266741e-20	3.35924644892513e-17	306.155876645499	<a href='https://www.ebi.ac.uk/interpro/entry/IPR032454'>IPR032454</a>	<a href='http://www.uniprot.org/uniprot/Q9WPI5'>Q9WPI5</a>	10	61	20	15940
IPR000504	RNA recognition motif domain	O56264	6.07085784665939e-20	3.58761303703454e-17	13.9954313458972	<a href='https://www.ebi.ac.uk/interpro/entry/IPR000504'>IPR000504</a>	<a href='http://www.uniprot.org/uniprot/O56264'>O56264</a>	27	108	395	15940
IPR014720	Double-stranded RNA-binding domain	Q3SBS4	1.03187562622314e-19	5.96819298367019e-17	446.716590123929	<a href='https://www.ebi.ac.uk/interpro/entry/IPR014720'>IPR014720</a>	<a href='http://www.uniprot.org/uniprot/Q3SBS4'>Q3SBS4</a>	9	22	33	15940
IPR032454	Histone H2A, C-terminal domain	Q0HD54	2.43373817544618e-19	1.37830705336102e-16	264.297217598045	<a href='https://www.ebi.ac.uk/interpro/entry/IPR032454'>IPR032454</a>	<a href='http://www.uniprot.org/uniprot/Q0HD54'>Q0HD54</a>	10	70	20	15940
IPR007125	Histone H2A/H2B/H3	P68466	2.83655810466625e-19	1.57365296973974e-16	231.772884217808	<a href='https://www.ebi.ac.uk/interpro/entry/IPR007125'>IPR007125</a>	<a href='http://www.uniprot.org/uniprot/P68466'>P68466</a>	10	28	48	15940
IPR014720	Double-stranded RNA-binding domain	Q0A2H0	3.42360267688499e-19	1.86134430336883e-16	220.652898612183	<a href='https://www.ebi.ac.uk/interpro/entry/IPR014720'>IPR014720</a>	<a href='http://www.uniprot.org/uniprot/Q0A2H0'>Q0A2H0</a>	10	41	33	15940
IPR007125	Histone H2A/H2B/H3	P0C1C7	4.32008794253493e-19	2.30269158097783e-16	217.265960894301	<a href='https://www.ebi.ac.uk/interpro/entry/IPR007125'>IPR007125</a>	<a href='http://www.uniprot.org/uniprot/P0C1C7'>P0C1C7</a>	10	29	48	15940
IPR014720	Double-stranded RNA-binding domain	Q2PJP0	4.48757202936893e-19	2.34596457781471e-16	214.747274791005	<a href='https://www.ebi.ac.uk/interpro/entry/IPR014720'>IPR014720</a>	<a href='http://www.uniprot.org/uniprot/Q2PJP0'>Q2PJP0</a>	10	42	33	15940
IPR009072	Histone-fold	P68466	4.98980085610202e-19	2.55929710325052e-16	147.813026918518	<a href='https://www.ebi.ac.uk/interpro/entry/IPR009072'>IPR009072</a>	<a href='http://www.uniprot.org/uniprot/P68466'>P68466</a>	11	28	80	15940
IPR009072	Histone-fold	P0C1C7	8.00718605397952e-19	4.03087677206258e-16	139.91231090474	<a href='https://www.ebi.ac.uk/interpro/entry/IPR009072'>IPR009072</a>	<a href='http://www.uniprot.org/uniprot/P0C1C7'>P0C1C7</a>	11	29	80	15940
IPR007125	Histone H2A/H2B/H3	Q997F2	2.79762370033048e-18	1.3827382303597e-15	172.744884977976	<a href='https://www.ebi.ac.uk/interpro/entry/IPR007125'>IPR007125</a>	<a href='http://www.uniprot.org/uniprot/Q997F2'>Q997F2</a>	10	34	48	15940
IPR009072	Histone-fold	Q997F2	6.49093996291646e-18	3.15088771342716e-15	109.253091832518	<a href='https://www.ebi.ac.uk/interpro/entry/IPR009072'>IPR009072</a>	<a href='http://www.uniprot.org/uniprot/Q997F2'>Q997F2</a>	11	34	80	15940
IPR016024	Armadillo-type fold	F5HFG5	9.45702992433981e-18	4.51017370988164e-15	54.0779673476375	<a href='https://www.ebi.ac.uk/interpro/entry/IPR016024'>IPR016024</a>	<a href='http://www.uniprot.org/uniprot/F5HFG5'>F5HFG5</a>	15	25	444	15940
IPR001811	Chemokine interleukin-8-like domain	P34015	8.00572795846725e-17	3.68860523428769e-14	1251.08379975795	<a href='https://www.ebi.ac.uk/interpro/entry/IPR001811'>IPR001811</a>	<a href='http://www.uniprot.org/uniprot/P34015'>P34015</a>	7	9	51	15940
IPR001452	SH3 domain	Q90VU7	9.38053343480908e-17	4.25000701486417e-14	505.750080434627	<a href='https://www.ebi.ac.uk/interpro/entry/IPR001452'>IPR001452</a>	<a href='http://www.uniprot.org/uniprot/Q90VU7'>Q90VU7</a>	10	11	318	15940
IPR006595	CTLH, C-terminal LisH motif	Q98143	1.56090071705259e-16	6.95598772005862e-14	717.048295155567	<a href='https://www.ebi.ac.uk/interpro/entry/IPR006595'>IPR006595</a>	<a href='http://www.uniprot.org/uniprot/Q98143'>Q98143</a>	7	37	12	15940
IPR009030	Growth factor receptor cysteine-rich domain	Q9WMX2-PRO_0000037548	3.77298017214189e-16	1.6542692419275e-13	16.708678226153	<a href='https://www.ebi.ac.uk/interpro/entry/IPR009030'>IPR009030</a>	<a href='http://www.uniprot.org/uniprot/Q9WMX2-PRO_0000037548'>Q9WMX2-PRO_0000037548</a>	19	195	120	15940
IPR001811	Chemokine interleukin-8-like domain	Q2F862	7.91246889482233e-16	3.36082116307579e-13	Inf	<a href='https://www.ebi.ac.uk/interpro/entry/IPR001811'>IPR001811</a>	<a href='http://www.uniprot.org/uniprot/Q2F862'>Q2F862</a>	6	6	51	15940
IPR008917	Transcription factor, Skn-1-like, DNA-binding domain	P0C746	1.0520126472464e-15	4.39967873888403e-13	1135.40810547002	<a href='https://www.ebi.ac.uk/interpro/entry/IPR008917'>IPR008917</a>	<a href='http://www.uniprot.org/uniprot/P0C746'>P0C746</a>	6	14	16	15940
IPR007125	Histone H2A/H2B/H3	Q9WMX2	1.81424800167002e-15	7.36097278767131e-13	81.4495021986498	<a href='https://www.ebi.ac.uk/interpro/entry/IPR007125'>IPR007125</a>	<a href='http://www.uniprot.org/uniprot/Q9WMX2'>Q9WMX2</a>	10	61	48	15940
IPR007125	Histone H2A/H2B/H3	Q9WPI5	1.81424800167002e-15	7.36097278767131e-13	81.4495021986498	<a href='https://www.ebi.ac.uk/interpro/entry/IPR007125'>IPR007125</a>	<a href='http://www.uniprot.org/uniprot/Q9WPI5'>Q9WPI5</a>	10	61	48	15940
IPR007110	Immunoglobulin-like domain	P04578	2.02295896465186e-15	8.08707595516121e-13	11.5288441545868	<a href='https://www.ebi.ac.uk/interpro/entry/IPR007110'>IPR007110</a>	<a href='http://www.uniprot.org/uniprot/P04578'>P04578</a>	23	83	533	15940
IPR007125	Histone H2A/H2B/H3	Q0HD54	7.82642495015311e-15	3.0393362263566e-12	69.2315068392526	<a href='https://www.ebi.ac.uk/interpro/entry/IPR007125'>IPR007125</a>	<a href='http://www.uniprot.org/uniprot/Q0HD54'>Q0HD54</a>	10	70	48	15940
IPR009072	Histone-fold	Q9WMX2	8.51851172167755e-15	3.21621142558448e-12	50.2791176406907	<a href='https://www.ebi.ac.uk/interpro/entry/IPR009072'>IPR009072</a>	<a href='http://www.uniprot.org/uniprot/Q9WMX2'>Q9WMX2</a>	11	61	80	15940
IPR009072	Histone-fold	Q9WPI5	8.51851172167755e-15	3.21621142558448e-12	50.2791176406907	<a href='https://www.ebi.ac.uk/interpro/entry/IPR009072'>IPR009072</a>	<a href='http://www.uniprot.org/uniprot/Q9WPI5'>Q9WPI5</a>	11	61	80	15940
IPR000504	RNA recognition motif domain	P03496	9.88545199288701e-15	3.68117982157042e-12	6.93498290820986	<a href='https://www.ebi.ac.uk/interpro/entry/IPR000504'>IPR000504</a>	<a href='http://www.uniprot.org/uniprot/P03496'>P03496</a>	30	212	395	15940
IPR011989	Armadillo-like helical	F5HFG5	1.22194314662723e-14	4.4289736663886e-12	40.3925789269602	<a href='https://www.ebi.ac.uk/interpro/entry/IPR011989'>IPR011989</a>	<a href='http://www.uniprot.org/uniprot/F5HFG5'>F5HFG5</a>	13	25	428	15940
IPR006195	Aminoacyl-tRNA synthetase, class II	P04591-PRO_0000038593	4.57532963010198e-14	1.63652316664069e-11	511.03367567135	<a href='https://www.ebi.ac.uk/interpro/entry/IPR006195'>IPR006195</a>	<a href='http://www.uniprot.org/uniprot/P04591-PRO_0000038593'>P04591-PRO_0000038593</a>	6	19	20	15940
IPR013158	APOBEC-like, N-terminal	Q77YG0	4.68588907830334e-14	1.65430141174803e-11	Inf	<a href='https://www.ebi.ac.uk/interpro/entry/IPR013158'>IPR013158</a>	<a href='http://www.uniprot.org/uniprot/Q77YG0'>Q77YG0</a>	4	4	9	15940
IPR001811	Chemokine interleukin-8-like domain	P24766	2.74098243128248e-13	9.31385830149787e-11	Inf	<a href='https://www.ebi.ac.uk/interpro/entry/IPR001811'>IPR001811</a>	<a href='http://www.uniprot.org/uniprot/P24766'>P24766</a>	5	5	51	15940
IPR001811	Chemokine interleukin-8-like domain	O57300	2.74098243128248e-13	9.31385830149787e-11	Inf	<a href='https://www.ebi.ac.uk/interpro/entry/IPR001811'>IPR001811</a>	<a href='http://www.uniprot.org/uniprot/O57300'>O57300</a>	5	5	51	15940
IPR002125	Cytidine and deoxycytidylate deaminase domain	Q77YG0	3.72267854554098e-13	1.24934930348131e-10	Inf	<a href='https://www.ebi.ac.uk/interpro/entry/IPR002125'>IPR002125</a>	<a href='http://www.uniprot.org/uniprot/Q77YG0'>Q77YG0</a>	4	4	14	15940
IPR016193	Cytidine deaminase-like	Q77YG0	5.07637983482862e-13	1.68288182231684e-10	Inf	<a href='https://www.ebi.ac.uk/interpro/entry/IPR016193'>IPR016193</a>	<a href='http://www.uniprot.org/uniprot/Q77YG0'>Q77YG0</a>	4	4	15	15940
IPR008917	Transcription factor, Skn-1-like, DNA-binding domain	Q9DGW5	6.52940859349083e-13	2.13849931572837e-10	898.954756071247	<a href='https://www.ebi.ac.uk/interpro/entry/IPR008917'>IPR008917</a>	<a href='http://www.uniprot.org/uniprot/Q9DGW5'>Q9DGW5</a>	5	13	16	15940
IPR008280	Tubulin/FtsZ, C-terminal	P21605	1.3074520559581e-12	4.08526168840975e-10	131.563716900043	<a href='https://www.ebi.ac.uk/interpro/entry/IPR008280'>IPR008280</a>	<a href='http://www.uniprot.org/uniprot/P21605'>P21605</a>	7	42	31	15940
IPR018316	Tubulin/FtsZ, 2-layer sandwich domain	P21605	1.3074520559581e-12	4.08526168840975e-10	131.563716900043	<a href='https://www.ebi.ac.uk/interpro/entry/IPR018316'>IPR018316</a>	<a href='http://www.uniprot.org/uniprot/P21605'>P21605</a>	7	42	31	15940
IPR024581	Tbk1/Ikki binding domain	P17362	1.48172647303413e-12	4.37817961336519e-10	Inf	<a href='https://www.ebi.ac.uk/interpro/entry/IPR024581'>IPR024581</a>	<a href='http://www.uniprot.org/uniprot/P17362'>P17362</a>	3	3	3	15940
IPR002719	Retinoblastoma-associated protein, B-box	A0MPS7	1.48172647303413e-12	4.37817961336519e-10	Inf	<a href='https://www.ebi.ac.uk/interpro/entry/IPR002719'>IPR002719</a>	<a href='http://www.uniprot.org/uniprot/A0MPS7'>A0MPS7</a>	3	3	3	15940
IPR002720	Retinoblastoma-associated protein, A-box	A0MPS7	1.48172647303413e-12	4.37817961336519e-10	Inf	<a href='https://www.ebi.ac.uk/interpro/entry/IPR002720'>IPR002720</a>	<a href='http://www.uniprot.org/uniprot/A0MPS7'>A0MPS7</a>	3	3	3	15940
IPR015030	Retinoblastoma-associated protein, C-terminal	A0MPS7	1.48172647303413e-12	4.37817961336519e-10	Inf	<a href='https://www.ebi.ac.uk/interpro/entry/IPR015030'>IPR015030</a>	<a href='http://www.uniprot.org/uniprot/A0MPS7'>A0MPS7</a>	3	3	3	15940
IPR024599	Retinoblastoma-associated protein, N-terminal	A0MPS7	1.48172647303413e-12	4.37817961336519e-10	Inf	<a href='https://www.ebi.ac.uk/interpro/entry/IPR024599'>IPR024599</a>	<a href='http://www.uniprot.org/uniprot/A0MPS7'>A0MPS7</a>	3	3	3	15940
IPR009072	Histone-fold	Q0HD54	1.76505275316476e-12	5.15926817656247e-10	37.5501577963023	<a href='https://www.ebi.ac.uk/interpro/entry/IPR009072'>IPR009072</a>	<a href='http://www.uniprot.org/uniprot/Q0HD54'>Q0HD54</a>	10	70	80	15940
IPR000980	SH2 domain	Q90VU7	1.90296762717426e-12	5.5032204230963e-10	190.844681593842	<a href='https://www.ebi.ac.uk/interpro/entry/IPR000980'>IPR000980</a>	<a href='http://www.uniprot.org/uniprot/Q90VU7'>Q90VU7</a>	7	11	151	15940
IPR013783	Immunoglobulin-like fold	P04578	2.64894967333089e-12	7.53052660019385e-10	7.61484982560399	<a href='https://www.ebi.ac.uk/interpro/entry/IPR013783'>IPR013783</a>	<a href='http://www.uniprot.org/uniprot/P04578'>P04578</a>	24	83	828	15940
IPR003008	Tubulin/FtsZ, GTPase domain	P21605	2.65939726905021e-12	7.53052660019385e-10	116.996010967647	<a href='https://www.ebi.ac.uk/interpro/entry/IPR003008'>IPR003008</a>	<a href='http://www.uniprot.org/uniprot/P21605'>P21605</a>	7	42	34	15940
IPR002652	Importin-alpha, importin-beta-binding domain	E5LBT9	2.75910996480269e-12	7.73233456527797e-10	3372.83439643003	<a href='https://www.ebi.ac.uk/interpro/entry/IPR002652'>IPR002652</a>	<a href='http://www.uniprot.org/uniprot/E5LBT9'>E5LBT9</a>	4	6	12	15940
IPR029047	Heat shock protein 70kD, peptide-binding domain	P21698	2.92724485964359e-12	8.03780043076276e-10	225.737019736512	<a href='https://www.ebi.ac.uk/interpro/entry/IPR029047'>IPR029047</a>	<a href='http://www.uniprot.org/uniprot/P21698'>P21698</a>	6	26	27	15940
IPR029048	Heat shock protein 70kD, C-terminal domain	P21698	2.92724485964359e-12	8.03780043076276e-10	225.737019736512	<a href='https://www.ebi.ac.uk/interpro/entry/IPR029048'>IPR029048</a>	<a href='http://www.uniprot.org/uniprot/P21698'>P21698</a>	6	26	27	15940
IPR006594	LIS1 homology motif	Q98143	3.50846523296491e-12	9.48112185492753e-10	111.498409811589	<a href='https://www.ebi.ac.uk/interpro/entry/IPR006594'>IPR006594</a>	<a href='http://www.uniprot.org/uniprot/Q98143'>Q98143</a>	7	37	40	15940
IPR000504	RNA recognition motif domain	Q99AU3	3.52263576864214e-12	9.48112185492753e-10	34.1757798966198	<a href='https://www.ebi.ac.uk/interpro/entry/IPR000504'>IPR000504</a>	<a href='http://www.uniprot.org/uniprot/Q99AU3'>Q99AU3</a>	11	24	395	15940
IPR000980	SH2 domain	Q9WNA9	4.53101524815549e-12	1.20755998535156e-09	152.541409928432	<a href='https://www.ebi.ac.uk/interpro/entry/IPR000980'>IPR000980</a>	<a href='http://www.uniprot.org/uniprot/Q9WNA9'>Q9WNA9</a>	7	12	151	15940
IPR008280	Tubulin/FtsZ, C-terminal	P21698	7.24978154447254e-12	1.87693391909468e-09	189.743737767714	<a href='https://www.ebi.ac.uk/interpro/entry/IPR008280'>IPR008280</a>	<a href='http://www.uniprot.org/uniprot/P21698'>P21698</a>	6	26	31	15940
IPR018316	Tubulin/FtsZ, 2-layer sandwich domain	P21698	7.24978154447254e-12	1.87693391909468e-09	189.743737767714	<a href='https://www.ebi.ac.uk/interpro/entry/IPR018316'>IPR018316</a>	<a href='http://www.uniprot.org/uniprot/P21698'>P21698</a>	6	26	31	15940
IPR027409	GroEL-like apical domain	P04413	1.20292050400662e-11	3.0849236774449e-09	171.1540002255	<a href='https://www.ebi.ac.uk/interpro/entry/IPR027409'>IPR027409</a>	<a href='http://www.uniprot.org/uniprot/P04413'>P04413</a>	6	29	30	15940
IPR003008	Tubulin/FtsZ, GTPase domain	P21698	1.31998484935178e-11	3.35350169577373e-09	168.903378694955	<a href='https://www.ebi.ac.uk/interpro/entry/IPR003008'>IPR003008</a>	<a href='http://www.uniprot.org/uniprot/P21698'>P21698</a>	6	26	34	15940
IPR014729	Rossmann-like alpha/beta/alpha sandwich fold	P04591-PRO_0000038593	1.42043204893207e-11	3.57528007575641e-09	172.997457773763	<a href='https://www.ebi.ac.uk/interpro/entry/IPR014729'>IPR014729</a>	<a href='http://www.uniprot.org/uniprot/P04591-PRO_0000038593'>P04591-PRO_0000038593</a>	6	19	48	15940
IPR027413	GroEL-like equatorial domain	P04413	1.48977463653073e-11	3.71541593756436e-09	164.592401913222	<a href='https://www.ebi.ac.uk/interpro/entry/IPR027413'>IPR027413</a>	<a href='http://www.uniprot.org/uniprot/P04413'>P04413</a>	6	29	31	15940
IPR031675	Serine-threonine protein phosphatase, N-terminal	Q76TK5	2.37065078806703e-11	5.80574513719046e-09	15798.7480680787	<a href='https://www.ebi.ac.uk/interpro/entry/IPR031675'>IPR031675</a>	<a href='http://www.uniprot.org/uniprot/Q76TK5'>Q76TK5</a>	3	4	4	15940
IPR033950	Sumo domain	Q8UN00	2.37065078806703e-11	5.80574513719046e-09	15798.7480680787	<a href='https://www.ebi.ac.uk/interpro/entry/IPR033950'>IPR033950</a>	<a href='http://www.uniprot.org/uniprot/Q8UN00'>Q8UN00</a>	3	4	4	15940
IPR004021	HIN-200/IF120x	P06725	1.18521382524593e-10	2.79624562413936e-08	9961.23969792126	<a href='https://www.ebi.ac.uk/interpro/entry/IPR004021'>IPR004021</a>	<a href='http://www.uniprot.org/uniprot/P06725'>P06725</a>	3	4	6	15940
IPR000535	Major sperm protein (MSP) domain	Q03463-PRO_0000278741	1.24465023734867e-10	2.79624562413936e-08	Inf	<a href='https://www.ebi.ac.uk/interpro/entry/IPR000535'>IPR000535</a>	<a href='http://www.uniprot.org/uniprot/Q03463-PRO_0000278741'>Q03463-PRO_0000278741</a>	3	3	9	15940
IPR008962	PapD-like	Q03463-PRO_0000278741	1.24465023734867e-10	2.79624562413936e-08	Inf	<a href='https://www.ebi.ac.uk/interpro/entry/IPR008962'>IPR008962</a>	<a href='http://www.uniprot.org/uniprot/Q03463-PRO_0000278741'>Q03463-PRO_0000278741</a>	3	3	9	15940
IPR013158	APOBEC-like, N-terminal	Q784Z8	1.24465023734867e-10	2.79624562413936e-08	Inf	<a href='https://www.ebi.ac.uk/interpro/entry/IPR013158'>IPR013158</a>	<a href='http://www.uniprot.org/uniprot/Q784Z8'>Q784Z8</a>	3	3	9	15940
IPR000504	RNA recognition motif domain	Q9WPI5	2.04551731344075e-10	4.38606905673352e-08	12.1061031321268	<a href='https://www.ebi.ac.uk/interpro/entry/IPR000504'>IPR000504</a>	<a href='http://www.uniprot.org/uniprot/Q9WPI5'>Q9WPI5</a>	14	61	395	15940
IPR022617	Rad60/SUMO-like domain	Q8UN00	2.07402657149126e-10	4.40471393120456e-08	8363.75985999124	<a href='https://www.ebi.ac.uk/interpro/entry/IPR022617'>IPR022617</a>	<a href='http://www.uniprot.org/uniprot/Q8UN00'>Q8UN00</a>	3	4	7	15940
IPR002652	Importin-alpha, importin-beta-binding domain	P31345	3.25979824067509e-10	6.81648887496244e-08	Inf	<a href='https://www.ebi.ac.uk/interpro/entry/IPR002652'>IPR002652</a>	<a href='http://www.uniprot.org/uniprot/P31345'>P31345</a>	3	3	12	15940
IPR033926	NFkappaB IPT domain	P10226	5.39348436184423e-10	1.07806234479686e-07	Inf	<a href='https://www.ebi.ac.uk/interpro/entry/IPR033926'>IPR033926</a>	<a href='http://www.uniprot.org/uniprot/P10226'>P10226</a>	3	3	14	15940
IPR002125	Cytidine and deoxycytidylate deaminase domain	Q784Z8	5.39348436184423e-10	1.07806234479686e-07	Inf	<a href='https://www.ebi.ac.uk/interpro/entry/IPR002125'>IPR002125</a>	<a href='http://www.uniprot.org/uniprot/Q784Z8'>Q784Z8</a>	3	3	14	15940
IPR001245	Serine-threonine/tyrosine-protein kinase, catalytic domain	Q90VU7	5.95439053239794e-10	1.18149016228252e-07	114.578731676827	<a href='https://www.ebi.ac.uk/interpro/entry/IPR001245'>IPR001245</a>	<a href='http://www.uniprot.org/uniprot/Q90VU7'>Q90VU7</a>	6	11	170	15940
IPR016193	Cytidine deaminase-like	Q784Z8	6.74185545230529e-10	1.30907570439619e-07	Inf	<a href='https://www.ebi.ac.uk/interpro/entry/IPR016193'>IPR016193</a>	<a href='http://www.uniprot.org/uniprot/Q784Z8'>Q784Z8</a>	3	3	15	15940
IPR009072	Histone-fold	P35256	1.24539773639661e-09	2.36747496966471e-07	75.3169815575635	<a href='https://www.ebi.ac.uk/interpro/entry/IPR009072'>IPR009072</a>	<a href='http://www.uniprot.org/uniprot/P35256'>P35256</a>	6	23	80	15940
IPR013766	Thioredoxin domain	D2XQB9	1.66250560389343e-09	3.11679671284407e-07	141.203890957485	<a href='https://www.ebi.ac.uk/interpro/entry/IPR013766'>IPR013766</a>	<a href='http://www.uniprot.org/uniprot/D2XQB9'>D2XQB9</a>	5	18	48	15940
IPR011539	Rel homology domain (RHD), DNA-binding domain	P10226	1.9706962091354e-09	3.61968957764436e-07	Inf	<a href='https://www.ebi.ac.uk/interpro/entry/IPR011539'>IPR011539</a>	<a href='http://www.uniprot.org/uniprot/P10226'>P10226</a>	3	3	21	15940
IPR032397	Rel homology dimerisation domain	P10226	1.9706962091354e-09	3.61968957764436e-07	Inf	<a href='https://www.ebi.ac.uk/interpro/entry/IPR032397'>IPR032397</a>	<a href='http://www.uniprot.org/uniprot/P10226'>P10226</a>	3	3	21	15940
IPR008280	Tubulin/FtsZ, C-terminal	P0C765	2.4374416004528e-09	4.36390205865748e-07	386.497772842411	<a href='https://www.ebi.ac.uk/interpro/entry/IPR008280'>IPR008280</a>	<a href='http://www.uniprot.org/uniprot/P0C765'>P0C765</a>	4	10	31	15940
IPR018316	Tubulin/FtsZ, 2-layer sandwich domain	P0C765	2.4374416004528e-09	4.36390205865748e-07	386.497772842411	<a href='https://www.ebi.ac.uk/interpro/entry/IPR018316'>IPR018316</a>	<a href='http://www.uniprot.org/uniprot/P0C765'>P0C765</a>	4	10	31	15940
IPR020635	Tyrosine-protein kinase, catalytic domain	Q90VU7	2.44008649542355e-09	4.36390205865748e-07	152.441927440988	<a href='https://www.ebi.ac.uk/interpro/entry/IPR020635'>IPR020635</a>	<a href='http://www.uniprot.org/uniprot/Q90VU7'>Q90VU7</a>	5	11	91	15940
IPR000504	RNA recognition motif domain	P03466	2.52918653474273e-09	4.49368671636904e-07	6.28247838882298	<a href='https://www.ebi.ac.uk/interpro/entry/IPR000504'>IPR000504</a>	<a href='http://www.uniprot.org/uniprot/P03466'>P03466</a>	19	143	395	15940
IPR000504	RNA recognition motif domain	Q5MJ03	2.64968058326253e-09	4.67720240100056e-07	35.6282308737936	<a href='https://www.ebi.ac.uk/interpro/entry/IPR000504'>IPR000504</a>	<a href='http://www.uniprot.org/uniprot/Q5MJ03'>Q5MJ03</a>	8	17	395	15940
IPR006186	Serine/threonine-specific protein phosphatase/bis(5-nucleosyl)-tetraphosphatase	Q76TK5	3.31703674766252e-09	5.78014916336269e-07	3537.58837825376	<a href='https://www.ebi.ac.uk/interpro/entry/IPR006186'>IPR006186</a>	<a href='http://www.uniprot.org/uniprot/Q76TK5'>Q76TK5</a>	3	4	16	15940
IPR004020	DAPIN domain	P06725	3.31703674766252e-09	5.78014916336269e-07	3537.58837825376	<a href='https://www.ebi.ac.uk/interpro/entry/IPR004020'>IPR004020</a>	<a href='http://www.uniprot.org/uniprot/P06725'>P06725</a>	3	4	16	15940
IPR016024	Armadillo-type fold	Q20MH8	3.43256302933222e-09	5.94336263626541e-07	7.13061773813496	<a href='https://www.ebi.ac.uk/interpro/entry/IPR016024'>IPR016024</a>	<a href='http://www.uniprot.org/uniprot/Q20MH8'>Q20MH8</a>	17	103	444	15940
IPR003008	Tubulin/FtsZ, GTPase domain	P0C765	3.58927587164452e-09	6.17537185410029e-07	346.549591149732	<a href='https://www.ebi.ac.uk/interpro/entry/IPR003008'>IPR003008</a>	<a href='http://www.uniprot.org/uniprot/P0C765'>P0C765</a>	4	10	34	15940
IPR001487	Bromodomain	P03255-2	3.90094605308547e-09	6.66939103818084e-07	124.892859299725	<a href='https://www.ebi.ac.uk/interpro/entry/IPR001487'>IPR001487</a>	<a href='http://www.uniprot.org/uniprot/P03255-2'>P03255-2</a>	5	14	75	15940
IPR001881	EGF-like calcium-binding domain	P0CK47	4.44195344258654e-09	7.36280868190686e-07	61.2444794947799	<a href='https://www.ebi.ac.uk/interpro/entry/IPR001881'>IPR001881</a>	<a href='http://www.uniprot.org/uniprot/P0CK47'>P0CK47</a>	6	21	109	15940
IPR000742	EGF-like domain	P0CK47	4.57177474492877e-09	7.53206816158447e-07	40.4632182541845	<a href='https://www.ebi.ac.uk/interpro/entry/IPR000742'>IPR000742</a>	<a href='http://www.uniprot.org/uniprot/P0CK47'>P0CK47</a>	7	21	201	15940
IPR001487	Bromodomain	P03255	4.80458806981824e-09	7.77428107678208e-07	57.2154337223727	<a href='https://www.ebi.ac.uk/interpro/entry/IPR001487'>IPR001487</a>	<a href='http://www.uniprot.org/uniprot/P03255'>P03255</a>	6	30	75	15940
IPR012336	Thioredoxin-like fold	D2XQB9	4.92170717457871e-09	7.8700992843381e-07	62.5263223910221	<a href='https://www.ebi.ac.uk/interpro/entry/IPR012336'>IPR012336</a>	<a href='http://www.uniprot.org/uniprot/D2XQB9'>D2XQB9</a>	6	18	132	15940
IPR001478	PDZ domain	P03126	5.90592424455143e-09	9.18729016395604e-07	26.131112276339	<a href='https://www.ebi.ac.uk/interpro/entry/IPR001478'>IPR001478</a>	<a href='http://www.uniprot.org/uniprot/P03126'>P03126</a>	8	32	208	15940
IPR000980	SH2 domain	P26660	7.73974063450721e-09	1.10991717842823e-06	Inf	<a href='https://www.ebi.ac.uk/interpro/entry/IPR000980'>IPR000980</a>	<a href='http://www.uniprot.org/uniprot/P26660'>P26660</a>	4	4	151	15940
IPR000980	SH2 domain	O92972	7.73974063450721e-09	1.10991717842823e-06	Inf	<a href='https://www.ebi.ac.uk/interpro/entry/IPR000980'>IPR000980</a>	<a href='http://www.uniprot.org/uniprot/O92972'>O92972</a>	4	4	151	15940
IPR001478	PDZ domain	P06463	7.82258353830014e-09	1.10991717842823e-06	12.487546531544	<a href='https://www.ebi.ac.uk/interpro/entry/IPR001478'>IPR001478</a>	<a href='http://www.uniprot.org/uniprot/P06463'>P06463</a>	11	81	208	15940
IPR009030	Growth factor receptor cysteine-rich domain	P0CK47	7.94129311529319e-09	1.10991717842823e-06	55.325300655605	<a href='https://www.ebi.ac.uk/interpro/entry/IPR009030'>IPR009030</a>	<a href='http://www.uniprot.org/uniprot/P0CK47'>P0CK47</a>	6	21	120	15940
IPR000504	RNA recognition motif domain	P19712-PRO_0000038050	8.41491119003273e-09	1.14950224015e-06	7.82546168540808	<a href='https://www.ebi.ac.uk/interpro/entry/IPR000504'>IPR000504</a>	<a href='http://www.uniprot.org/uniprot/P19712-PRO_0000038050'>P19712-PRO_0000038050</a>	15	93	395	15940
IPR000980	SH2 domain	P03407	8.7241622337829e-09	1.18578813081577e-06	134.159170473307	<a href='https://www.ebi.ac.uk/interpro/entry/IPR000980'>IPR000980</a>	<a href='http://www.uniprot.org/uniprot/P03407'>P03407</a>	5	9	151	15940
IPR001494	Importin-beta, N-terminal domain	P03101	1.04866709188337e-08	1.41123595177017e-06	2318.37776819631	<a href='https://www.ebi.ac.uk/interpro/entry/IPR001494'>IPR001494</a>	<a href='http://www.uniprot.org/uniprot/P03101'>P03101</a>	3	4	23	15940
IPR002909	IPT domain	P10226	1.35414982370589e-08	1.72822576561601e-06	Inf	<a href='https://www.ebi.ac.uk/interpro/entry/IPR002909'>IPR002909</a>	<a href='http://www.uniprot.org/uniprot/P10226'>P10226</a>	3	3	39	15940
IPR011989	Armadillo-like helical	Q20MH8	1.46072435310317e-08	1.81716444811162e-06	6.88293408420925	<a href='https://www.ebi.ac.uk/interpro/entry/IPR011989'>IPR011989</a>	<a href='http://www.uniprot.org/uniprot/Q20MH8'>Q20MH8</a>	16	103	428	15940
IPR001245	Serine-threonine/tyrosine-protein kinase, catalytic domain	P03407	1.58350895173895e-08	1.94778766262767e-06	119.321486259686	<a href='https://www.ebi.ac.uk/interpro/entry/IPR001245'>IPR001245</a>	<a href='http://www.uniprot.org/uniprot/P03407'>P03407</a>	5	9	170	15940
IPR016024	Armadillo-type fold	P06821	1.82990807771694e-08	2.21085427487366e-06	6.77568500585817	<a href='https://www.ebi.ac.uk/interpro/entry/IPR016024'>IPR016024</a>	<a href='http://www.uniprot.org/uniprot/P06821'>P06821</a>	16	101	444	15940
IPR004843	Calcineurin-like phosphoesterase domain, ApaH type	Q76TK5	2.66063368661421e-08	2.92820510675792e-06	1741.47740538395	<a href='https://www.ebi.ac.uk/interpro/entry/IPR004843'>IPR004843</a>	<a href='http://www.uniprot.org/uniprot/Q76TK5'>Q76TK5</a>	3	4	31	15940
IPR011989	Armadillo-like helical	P0DOE9	2.7743506265481e-08	3.02883323020416e-06	4.41457101895683	<a href='https://www.ebi.ac.uk/interpro/entry/IPR011989'>IPR011989</a>	<a href='http://www.uniprot.org/uniprot/P0DOE9'>P0DOE9</a>	23	220	428	15940
IPR001478	PDZ domain	P06427	2.81750683986897e-08	3.06364423739992e-06	Inf	<a href='https://www.ebi.ac.uk/interpro/entry/IPR001478'>IPR001478</a>	<a href='http://www.uniprot.org/uniprot/P06427'>P06427</a>	4	4	208	15940
IPR000980	SH2 domain	Q9QPN3	3.84131253931001e-08	4.0317467207955e-06	428.984612797397	<a href='https://www.ebi.ac.uk/interpro/entry/IPR000980'>IPR000980</a>	<a href='http://www.uniprot.org/uniprot/Q9QPN3'>Q9QPN3</a>	4	5	151	15940
IPR029052	Metallo-dependent phosphatase-like	Q76TK5	3.87331816468572e-08	4.04970311495449e-06	1511.01081271753	<a href='https://www.ebi.ac.uk/interpro/entry/IPR029052'>IPR029052</a>	<a href='http://www.uniprot.org/uniprot/Q76TK5'>Q76TK5</a>	3	4	35	15940
IPR013763	Cyclin-like	A0MPS7	4.81694459118665e-08	4.92270006642173e-06	Inf	<a href='https://www.ebi.ac.uk/interpro/entry/IPR013763'>IPR013763</a>	<a href='http://www.uniprot.org/uniprot/A0MPS7'>A0MPS7</a>	3	3	59	15940
IPR001650	Helicase, C-terminal	P04296	5.28104780443148e-08	5.31703716724686e-06	18.5612750581066	<a href='https://www.ebi.ac.uk/interpro/entry/IPR001650'>IPR001650</a>	<a href='http://www.uniprot.org/uniprot/P04296'>P04296</a>	8	46	186	15940
IPR001245	Serine-threonine/tyrosine-protein kinase, catalytic domain	Q9QPN3	6.19308892142176e-08	6.18944592793857e-06	379.329672695562	<a href='https://www.ebi.ac.uk/interpro/entry/IPR001245'>IPR001245</a>	<a href='http://www.uniprot.org/uniprot/Q9QPN3'>Q9QPN3</a>	4	5	170	15940
IPR014001	Helicase superfamily 1/2, ATP-binding domain	P04296	6.48647965058649e-08	6.43047461087515e-06	18.0585973247086	<a href='https://www.ebi.ac.uk/interpro/entry/IPR014001'>IPR014001</a>	<a href='http://www.uniprot.org/uniprot/P04296'>P04296</a>	8	46	191	15940
IPR008967	p53-like transcription factor, DNA-binding	P10226	7.76335768281501e-08	7.43095476231138e-06	Inf	<a href='https://www.ebi.ac.uk/interpro/entry/IPR008967'>IPR008967</a>	<a href='http://www.uniprot.org/uniprot/P10226'>P10226</a>	3	3	69	15940
IPR011990	Tetratricopeptide-like helical domain	C5E526	9.1522878913289e-08	8.5791653116512e-06	6.88370593185307	<a href='https://www.ebi.ac.uk/interpro/entry/IPR011990'>IPR011990</a>	<a href='http://www.uniprot.org/uniprot/C5E526'>C5E526</a>	14	124	301	15940
IPR001245	Serine-threonine/tyrosine-protein kinase, catalytic domain	Q9WNA9	9.69828990247908e-08	9.02870933934901e-06	67.9744633549512	<a href='https://www.ebi.ac.uk/interpro/entry/IPR001245'>IPR001245</a>	<a href='http://www.uniprot.org/uniprot/Q9WNA9'>Q9WNA9</a>	5	12	170	15940
IPR020635	Tyrosine-protein kinase, catalytic domain	P03407	1.22527965611236e-07	1.08849680299864e-05	144.792956181126	<a href='https://www.ebi.ac.uk/interpro/entry/IPR020635'>IPR020635</a>	<a href='http://www.uniprot.org/uniprot/P03407'>P03407</a>	4	9	91	15940
IPR027417	P-loop containing nucleoside triphosphate hydrolase	P04296	1.35581729430593e-07	1.1927681983305e-05	6.90918881303405	<a href='https://www.ebi.ac.uk/interpro/entry/IPR027417'>IPR027417</a>	<a href='http://www.uniprot.org/uniprot/P04296'>P04296</a>	15	46	1055	15940
IPR001478	PDZ domain	P0DOF4	1.39432642707973e-07	1.21875786475033e-05	307.872924014479	<a href='https://www.ebi.ac.uk/interpro/entry/IPR001478'>IPR001478</a>	<a href='http://www.uniprot.org/uniprot/P0DOF4'>P0DOF4</a>	4	5	208	15940
IPR000504	RNA recognition motif domain	Q6VGS8	1.3999113648434e-07	1.21971764557382e-05	17.820327414877	<a href='https://www.ebi.ac.uk/interpro/entry/IPR000504'>IPR000504</a>	<a href='http://www.uniprot.org/uniprot/Q6VGS8'>Q6VGS8</a>	8	26	395	15940
IPR001452	SH3 domain	P26660	1.55487054249034e-07	1.33758230465372e-05	Inf	<a href='https://www.ebi.ac.uk/interpro/entry/IPR001452'>IPR001452</a>	<a href='http://www.uniprot.org/uniprot/P26660'>P26660</a>	4	4	318	15940
IPR001452	SH3 domain	O92972	1.55487054249034e-07	1.33758230465372e-05	Inf	<a href='https://www.ebi.ac.uk/interpro/entry/IPR001452'>IPR001452</a>	<a href='http://www.uniprot.org/uniprot/O92972'>O92972</a>	4	4	318	15940
IPR027417	P-loop containing nucleoside triphosphate hydrolase	P03427	1.67777596013788e-07	1.40767474383914e-05	3.25851632381222	<a href='https://www.ebi.ac.uk/interpro/entry/IPR027417'>IPR027417</a>	<a href='http://www.uniprot.org/uniprot/P03427'>P03427</a>	31	168	1055	15940
IPR020635	Tyrosine-protein kinase, catalytic domain	P04604	1.80007540576551e-07	1.49642965841987e-05	Inf	<a href='https://www.ebi.ac.uk/interpro/entry/IPR020635'>IPR020635</a>	<a href='http://www.uniprot.org/uniprot/P04604'>P04604</a>	3	3	91	15940
IPR000504	RNA recognition motif domain	Q8AZK7	1.89367768097743e-07	1.56467276837965e-05	5.2102037485179	<a href='https://www.ebi.ac.uk/interpro/entry/IPR000504'>IPR000504</a>	<a href='http://www.uniprot.org/uniprot/Q8AZK7'>Q8AZK7</a>	17	150	395	15940
IPR000626	Ubiquitin domain	Q8UN00	3.37668264875874e-07	2.51980624598232e-05	697.880284381721	<a href='https://www.ebi.ac.uk/interpro/entry/IPR000626'>IPR000626</a>	<a href='http://www.uniprot.org/uniprot/Q8UN00'>Q8UN00</a>	3	4	71	15940
IPR001452	SH3 domain	P03407	3.61379089666438e-07	2.65506193878175e-05	62.3073055244159	<a href='https://www.ebi.ac.uk/interpro/entry/IPR001452'>IPR001452</a>	<a href='http://www.uniprot.org/uniprot/P03407'>P03407</a>	5	9	318	15940
IPR020635	Tyrosine-protein kinase, catalytic domain	Q9WNA9	4.75085313591014e-07	3.29457121547401e-05	90.6192008938326	<a href='https://www.ebi.ac.uk/interpro/entry/IPR020635'>IPR020635</a>	<a href='http://www.uniprot.org/uniprot/Q9WNA9'>Q9WNA9</a>	4	12	91	15940
IPR014756	Immunoglobulin E-set	P10226	4.93970562947754e-07	3.40814613786085e-05	Inf	<a href='https://www.ebi.ac.uk/interpro/entry/IPR014756'>IPR014756</a>	<a href='http://www.uniprot.org/uniprot/P10226'>P10226</a>	3	3	127	15940
IPR011989	Armadillo-like helical	P06821	5.00186107428228e-07	3.44229345426049e-05	5.99396931537581	<a href='https://www.ebi.ac.uk/interpro/entry/IPR011989'>IPR011989</a>	<a href='http://www.uniprot.org/uniprot/P06821'>P06821</a>	14	101	428	15940
IPR011989	Armadillo-like helical	P03101	5.12720155597245e-07	3.5045548286823e-05	Inf	<a href='https://www.ebi.ac.uk/interpro/entry/IPR011989'>IPR011989</a>	<a href='http://www.uniprot.org/uniprot/P03101'>P03101</a>	4	4	428	15940
IPR016024	Armadillo-type fold	P03101	5.94097564970905e-07	3.91989034130317e-05	Inf	<a href='https://www.ebi.ac.uk/interpro/entry/IPR016024'>IPR016024</a>	<a href='http://www.uniprot.org/uniprot/P03101'>P03101</a>	4	4	444	15940
IPR000504	RNA recognition motif domain	P21605	6.95411921207924e-07	4.44469000223856e-05	10.9579676676376	<a href='https://www.ebi.ac.uk/interpro/entry/IPR000504'>IPR000504</a>	<a href='http://www.uniprot.org/uniprot/P21605'>P21605</a>	9	42	395	15940
IPR001452	SH3 domain	Q9QPN3	7.65180518475544e-07	4.70603330638896e-05	198.232435335201	<a href='https://www.ebi.ac.uk/interpro/entry/IPR001452'>IPR001452</a>	<a href='http://www.uniprot.org/uniprot/Q9QPN3'>Q9QPN3</a>	4	5	318	15940
IPR000980	SH2 domain	P04604	8.33434097919873e-07	5.0571590441638e-05	Inf	<a href='https://www.ebi.ac.uk/interpro/entry/IPR000980'>IPR000980</a>	<a href='http://www.uniprot.org/uniprot/P04604'>P04604</a>	3	3	151	15940
IPR016024	Armadillo-type fold	P0DOE9	9.43448689835336e-07	5.66861567713813e-05	3.81578138048906	<a href='https://www.ebi.ac.uk/interpro/entry/IPR016024'>IPR016024</a>	<a href='http://www.uniprot.org/uniprot/P0DOE9'>P0DOE9</a>	21	220	444	15940
IPR000742	EGF-like domain	O41949	1.18349176412423e-06	6.79669512834026e-05	36.4227743141872	<a href='https://www.ebi.ac.uk/interpro/entry/IPR000742'>IPR000742</a>	<a href='http://www.uniprot.org/uniprot/O41949'>O41949</a>	5	16	201	15940
IPR001245	Serine-threonine/tyrosine-protein kinase, catalytic domain	P04604	1.19196004396758e-06	6.82152459688728e-05	Inf	<a href='https://www.ebi.ac.uk/interpro/entry/IPR001245'>IPR001245</a>	<a href='http://www.uniprot.org/uniprot/P04604'>P04604</a>	3	3	170	15940
IPR016024	Armadillo-type fold	C5E519	1.53955017604507e-06	8.3203045697036e-05	5.88467754907123	<a href='https://www.ebi.ac.uk/interpro/entry/IPR016024'>IPR016024</a>	<a href='http://www.uniprot.org/uniprot/C5E519'>C5E519</a>	13	92	444	15940
IPR000719	Protein kinase domain	Q90VU7	1.54816655042401e-06	8.35026974339807e-05	29.0808493438171	<a href='https://www.ebi.ac.uk/interpro/entry/IPR000719'>IPR000719</a>	<a href='http://www.uniprot.org/uniprot/Q90VU7'>Q90VU7</a>	6	11	637	15940
IPR011989	Armadillo-like helical	P05919	1.74058419458389e-06	9.13437080030281e-05	8.22017953698385	<a href='https://www.ebi.ac.uk/interpro/entry/IPR011989'>IPR011989</a>	<a href='http://www.uniprot.org/uniprot/P05919'>P05919</a>	10	55	428	15940
IPR016024	Armadillo-type fold	Q1K9H5	1.81386694124188e-06	9.48233825590753e-05	3.95910240057097	<a href='https://www.ebi.ac.uk/interpro/entry/IPR016024'>IPR016024</a>	<a href='http://www.uniprot.org/uniprot/Q1K9H5'>Q1K9H5</a>	19	192	444	15940
IPR000504	RNA recognition motif domain	Q05127	1.94551749741421e-06	0.000100164673578992	8.04695993221484	<a href='https://www.ebi.ac.uk/interpro/entry/IPR000504'>IPR000504</a>	<a href='http://www.uniprot.org/uniprot/Q05127'>Q05127</a>	10	60	395	15940
IPR029063	S-adenosyl-L-methionine-dependent methyltransferase	Q9QR71	2.05919428960211e-06	0.000105220183399518	373.023552659744	<a href='https://www.ebi.ac.uk/interpro/entry/IPR029063'>IPR029063</a>	<a href='http://www.uniprot.org/uniprot/Q9QR71'>Q9QR71</a>	3	4	129	15940
IPR001478	PDZ domain	P50804	2.19037104912155e-06	0.000110469474210241	Inf	<a href='https://www.ebi.ac.uk/interpro/entry/IPR001478'>IPR001478</a>	<a href='http://www.uniprot.org/uniprot/P50804'>P50804</a>	3	3	208	15940
IPR001478	PDZ domain	P0C213	2.19037104912155e-06	0.000110469474210241	Inf	<a href='https://www.ebi.ac.uk/interpro/entry/IPR001478'>IPR001478</a>	<a href='http://www.uniprot.org/uniprot/P0C213'>P0C213</a>	3	3	208	15940
IPR016024	Armadillo-type fold	P05919	2.41896407239752e-06	0.000119341414417521	7.90951959295637	<a href='https://www.ebi.ac.uk/interpro/entry/IPR016024'>IPR016024</a>	<a href='http://www.uniprot.org/uniprot/P05919'>P05919</a>	10	55	444	15940
IPR000719	Protein kinase domain	Q77Q36	2.52737536702685e-06	0.000123125756231645	Inf	<a href='https://www.ebi.ac.uk/interpro/entry/IPR000719'>IPR000719</a>	<a href='http://www.uniprot.org/uniprot/Q77Q36'>Q77Q36</a>	4	4	637	15940
IPR011009	Protein kinase-like domain	Q90VU7	2.64026130836768e-06	0.000127937367926323	26.4027276148646	<a href='https://www.ebi.ac.uk/interpro/entry/IPR011009'>IPR011009</a>	<a href='http://www.uniprot.org/uniprot/Q90VU7'>Q90VU7</a>	6	11	698	15940
IPR011009	Protein kinase-like domain	Q77Q36	3.6466363950103e-06	0.000165216939603267	Inf	<a href='https://www.ebi.ac.uk/interpro/entry/IPR011009'>IPR011009</a>	<a href='http://www.uniprot.org/uniprot/Q77Q36'>Q77Q36</a>	4	4	698	15940
IPR000504	RNA recognition motif domain	Q1K9H2	4.02743494301161e-06	0.000178891816161483	5.30810574981305	<a href='https://www.ebi.ac.uk/interpro/entry/IPR000504'>IPR000504</a>	<a href='http://www.uniprot.org/uniprot/Q1K9H2'>Q1K9H2</a>	13	112	395	15940
IPR011989	Armadillo-like helical	Q1K9H5	4.37621217068268e-06	0.000188830081980695	3.86946643487031	<a href='https://www.ebi.ac.uk/interpro/entry/IPR011989'>IPR011989</a>	<a href='http://www.uniprot.org/uniprot/Q1K9H5'>Q1K9H5</a>	18	192	428	15940
IPR001245	Serine-threonine/tyrosine-protein kinase, catalytic domain	P26660	4.73036938575751e-06	0.000202186102802566	281.635969738965	<a href='https://www.ebi.ac.uk/interpro/entry/IPR001245'>IPR001245</a>	<a href='http://www.uniprot.org/uniprot/P26660'>P26660</a>	3	4	170	15940
IPR001245	Serine-threonine/tyrosine-protein kinase, catalytic domain	O92972	4.73036938575751e-06	0.000202186102802566	281.635969738965	<a href='https://www.ebi.ac.uk/interpro/entry/IPR001245'>IPR001245</a>	<a href='http://www.uniprot.org/uniprot/O92972'>O92972</a>	3	4	170	15940
IPR011989	Armadillo-like helical	C5E526	6.0527814017734e-06	0.00024930122670577	4.73401837864801	<a href='https://www.ebi.ac.uk/interpro/entry/IPR011989'>IPR011989</a>	<a href='http://www.uniprot.org/uniprot/C5E526'>C5E526</a>	14	124	428	15940
IPR011989	Armadillo-like helical	E5LBT9	7.36702393915677e-06	0.000290660636809924	73.0269451138138	<a href='https://www.ebi.ac.uk/interpro/entry/IPR011989'>IPR011989</a>	<a href='http://www.uniprot.org/uniprot/E5LBT9'>E5LBT9</a>	4	6	428	15940
IPR001452	SH3 domain	P04604	7.86665772560907e-06	0.000305933080991355	Inf	<a href='https://www.ebi.ac.uk/interpro/entry/IPR001452'>IPR001452</a>	<a href='http://www.uniprot.org/uniprot/P04604'>P04604</a>	3	3	318	15940
IPR027417	P-loop containing nucleoside triphosphate hydrolase	P0DOE9	8.34948542594484e-06	0.000317888531959222	2.53770018030904	<a href='https://www.ebi.ac.uk/interpro/entry/IPR027417'>IPR027417</a>	<a href='http://www.uniprot.org/uniprot/P0DOE9'>P0DOE9</a>	33	220	1055	15940
IPR016024	Armadillo-type fold	E5LBT9	8.52230337813616e-06	0.00032221181506433	70.2895298384259	<a href='https://www.ebi.ac.uk/interpro/entry/IPR016024'>IPR016024</a>	<a href='http://www.uniprot.org/uniprot/E5LBT9'>E5LBT9</a>	4	6	444	15940
IPR001849	Pleckstrin homology domain	Q76RG8	1.02291950188119e-05	0.000374253616946679	Inf	<a href='https://www.ebi.ac.uk/interpro/entry/IPR001849'>IPR001849</a>	<a href='http://www.uniprot.org/uniprot/Q76RG8'>Q76RG8</a>	3	3	347	15940
IPR000719	Protein kinase domain	P03407	1.10601674260436e-05	0.000398224624251086	30.2354101348937	<a href='https://www.ebi.ac.uk/interpro/entry/IPR000719'>IPR000719</a>	<a href='http://www.uniprot.org/uniprot/P03407'>P03407</a>	5	9	637	15940
IPR000719	Protein kinase domain	Q9QPN3	1.22353134296804e-05	0.000432515943137104	96.4628982266089	<a href='https://www.ebi.ac.uk/interpro/entry/IPR000719'>IPR000719</a>	<a href='http://www.uniprot.org/uniprot/Q9QPN3'>Q9QPN3</a>	4	5	637	15940
IPR029071	Ubiquitin-related domain	Q8UN00	1.36712449532305e-05	0.000468649587400525	195.896823486367	<a href='https://www.ebi.ac.uk/interpro/entry/IPR029071'>IPR029071</a>	<a href='http://www.uniprot.org/uniprot/Q8UN00'>Q8UN00</a>	3	4	242	15940
IPR011989	Armadillo-like helical	Q9WMB5	1.46855690084296e-05	0.000500893987359035	22.8881433815038	<a href='https://www.ebi.ac.uk/interpro/entry/IPR011989'>IPR011989</a>	<a href='http://www.uniprot.org/uniprot/Q9WMB5'>Q9WMB5</a>	5	13	428	15940
IPR011009	Protein kinase-like domain	P03407	1.72670268579631e-05	0.000575228992778026	27.4645844752208	<a href='https://www.ebi.ac.uk/interpro/entry/IPR011009'>IPR011009</a>	<a href='http://www.uniprot.org/uniprot/P03407'>P03407</a>	5	9	698	15940
IPR016024	Armadillo-type fold	Q9WMB5	1.753858305277e-05	0.000578662938471225	22.0320955951029	<a href='https://www.ebi.ac.uk/interpro/entry/IPR016024'>IPR016024</a>	<a href='http://www.uniprot.org/uniprot/Q9WMB5'>Q9WMB5</a>	5	13	444	15940
IPR011009	Protein kinase-like domain	Q9QPN3	1.75979496311416e-05	0.000579857773058126	87.617001111562	<a href='https://www.ebi.ac.uk/interpro/entry/IPR011009'>IPR011009</a>	<a href='http://www.uniprot.org/uniprot/Q9QPN3'>Q9QPN3</a>	4	5	698	15940
IPR011989	Armadillo-like helical	P04012	1.92264026347136e-05	0.000618521336357461	Inf	<a href='https://www.ebi.ac.uk/interpro/entry/IPR011989'>IPR011989</a>	<a href='http://www.uniprot.org/uniprot/P04012'>P04012</a>	3	3	428	15940
IPR011989	Armadillo-like helical	P31345	1.92264026347136e-05	0.000618521336357461	Inf	<a href='https://www.ebi.ac.uk/interpro/entry/IPR011989'>IPR011989</a>	<a href='http://www.uniprot.org/uniprot/P31345'>P31345</a>	3	3	428	15940
IPR000504	RNA recognition motif domain	C5E522	1.94678642320983e-05	0.000624073610006322	5.99871399073993	<a href='https://www.ebi.ac.uk/interpro/entry/IPR000504'>IPR000504</a>	<a href='http://www.uniprot.org/uniprot/C5E522'>C5E522</a>	10	77	395	15940
IPR011989	Armadillo-like helical	I6T1Z2	2.08489643709628e-05	0.000662875143228366	4.19575153443235	<a href='https://www.ebi.ac.uk/interpro/entry/IPR011989'>IPR011989</a>	<a href='http://www.uniprot.org/uniprot/I6T1Z2'>I6T1Z2</a>	14	138	428	15940
IPR016024	Armadillo-type fold	P04012	2.14696890996402e-05	0.000680223809422632	Inf	<a href='https://www.ebi.ac.uk/interpro/entry/IPR016024'>IPR016024</a>	<a href='http://www.uniprot.org/uniprot/P04012'>P04012</a>	3	3	444	15940
IPR016024	Armadillo-type fold	P31345	2.14696890996402e-05	0.000680223809422632	Inf	<a href='https://www.ebi.ac.uk/interpro/entry/IPR016024'>IPR016024</a>	<a href='http://www.uniprot.org/uniprot/P31345'>P31345</a>	3	3	444	15940
IPR027417	P-loop containing nucleoside triphosphate hydrolase	Q8JPQ9	2.50581230871632e-05	0.00076279957223006	3.67672148403573	<a href='https://www.ebi.ac.uk/interpro/entry/IPR027417'>IPR027417</a>	<a href='http://www.uniprot.org/uniprot/Q8JPQ9'>Q8JPQ9</a>	17	83	1055	15940
IPR001841	Zinc finger, RING-type	P03188	2.61894768795767e-05	0.000788410564224155	34.224396888743	<a href='https://www.ebi.ac.uk/interpro/entry/IPR001841'>IPR001841</a>	<a href='http://www.uniprot.org/uniprot/P03188'>P03188</a>	4	10	308	15940
IPR011989	Armadillo-like helical	Q9WMX2	3.35554303512192e-05	0.000951103630041917	6.38419010045699	<a href='https://www.ebi.ac.uk/interpro/entry/IPR011989'>IPR011989</a>	<a href='http://www.uniprot.org/uniprot/Q9WMX2'>Q9WMX2</a>	9	61	428	15940
IPR011989	Armadillo-like helical	C5E519	3.50116609187666e-05	0.000985255683660197	5.02371154033286	<a href='https://www.ebi.ac.uk/interpro/entry/IPR011989'>IPR011989</a>	<a href='http://www.uniprot.org/uniprot/C5E519'>C5E519</a>	11	92	428	15940
IPR011989	Armadillo-like helical	Q76353	4.15297740005265e-05	0.00113347929360473	11.5881229347379	<a href='https://www.ebi.ac.uk/interpro/entry/IPR011989'>IPR011989</a>	<a href='http://www.uniprot.org/uniprot/Q76353'>Q76353</a>	6	25	428	15940
IPR016024	Armadillo-type fold	C5E526	4.22174543603731e-05	0.00115109255700339	4.17987006519748	<a href='https://www.ebi.ac.uk/interpro/entry/IPR016024'>IPR016024</a>	<a href='http://www.uniprot.org/uniprot/C5E526'>C5E526</a>	13	124	444	15940
IPR011993	PH domain-like	Q76RG8	4.36017573479738e-05	0.00117703095506189	Inf	<a href='https://www.ebi.ac.uk/interpro/entry/IPR011993'>IPR011993</a>	<a href='http://www.uniprot.org/uniprot/Q76RG8'>Q76RG8</a>	3	3	562	15940
IPR016024	Armadillo-type fold	Q9WMX2	4.46582731296208e-05	0.00120316203840992	6.14309000663046	<a href='https://www.ebi.ac.uk/interpro/entry/IPR016024'>IPR016024</a>	<a href='http://www.uniprot.org/uniprot/Q9WMX2'>Q9WMX2</a>	9	61	444	15940
IPR016024	Armadillo-type fold	Q76353	5.09732946116095e-05	0.00133108361260518	11.1510026765557	<a href='https://www.ebi.ac.uk/interpro/entry/IPR016024'>IPR016024</a>	<a href='http://www.uniprot.org/uniprot/Q76353'>Q76353</a>	6	25	444	15940
IPR011989	Armadillo-like helical	P03107	5.80247046050116e-05	0.00148135979871265	29.2190646110787	<a href='https://www.ebi.ac.uk/interpro/entry/IPR011989'>IPR011989</a>	<a href='http://www.uniprot.org/uniprot/P03107'>P03107</a>	4	9	428	15940
IPR000719	Protein kinase domain	Q9WNA9	6.28833774790297e-05	0.00153173990447127	17.2769372979826	<a href='https://www.ebi.ac.uk/interpro/entry/IPR000719'>IPR000719</a>	<a href='http://www.uniprot.org/uniprot/Q9WNA9'>Q9WNA9</a>	5	12	637	15940
IPR000719	Protein kinase domain	P04604	6.35312006692537e-05	0.00154475148389355	Inf	<a href='https://www.ebi.ac.uk/interpro/entry/IPR000719'>IPR000719</a>	<a href='http://www.uniprot.org/uniprot/P04604'>P04604</a>	3	3	637	15940
IPR016024	Armadillo-type fold	P03107	6.69597919051182e-05	0.00160514548778548	28.1337246046427	<a href='https://www.ebi.ac.uk/interpro/entry/IPR016024'>IPR016024</a>	<a href='http://www.uniprot.org/uniprot/P03107'>P03107</a>	4	9	444	15940
IPR011009	Protein kinase-like domain	Q77UV9	8.14849804899812e-05	0.00188839531938589	10.9995493686087	<a href='https://www.ebi.ac.uk/interpro/entry/IPR011009'>IPR011009</a>	<a href='http://www.uniprot.org/uniprot/Q77UV9'>Q77UV9</a>	6	18	698	15940
IPR011009	Protein kinase-like domain	P04604	8.36207830608333e-05	0.00192639607349635	Inf	<a href='https://www.ebi.ac.uk/interpro/entry/IPR011009'>IPR011009</a>	<a href='http://www.uniprot.org/uniprot/P04604'>P04604</a>	3	3	698	15940
IPR011009	Protein kinase-like domain	Q9WNA9	9.72146878923418e-05	0.00218403642616977	15.7001061904512	<a href='https://www.ebi.ac.uk/interpro/entry/IPR011009'>IPR011009</a>	<a href='http://www.uniprot.org/uniprot/Q9WNA9'>Q9WNA9</a>	5	12	698	15940
IPR013087	Zinc finger C2H2-type	O41947	0.000106827439435261	0.00238227818999846	15.3637733070299	<a href='https://www.ebi.ac.uk/interpro/entry/IPR013087'>IPR013087</a>	<a href='http://www.uniprot.org/uniprot/O41947'>O41947</a>	5	12	712	15940
IPR013783	Immunoglobulin-like fold	Q03463-PRO_0000278741	0.000139679503771193	0.00277765005889987	Inf	<a href='https://www.ebi.ac.uk/interpro/entry/IPR013783'>IPR013783</a>	<a href='http://www.uniprot.org/uniprot/Q03463-PRO_0000278741'>Q03463-PRO_0000278741</a>	3	3	828	15940
IPR013783	Immunoglobulin-like fold	P10226	0.000139679503771193	0.00277765005889987	Inf	<a href='https://www.ebi.ac.uk/interpro/entry/IPR013783'>IPR013783</a>	<a href='http://www.uniprot.org/uniprot/P10226'>P10226</a>	3	3	828	15940
IPR000719	Protein kinase domain	P26660	0.000246542676575935	0.00411434314142325	72.2237581089782	<a href='https://www.ebi.ac.uk/interpro/entry/IPR000719'>IPR000719</a>	<a href='http://www.uniprot.org/uniprot/P26660'>P26660</a>	3	4	637	15940
IPR000719	Protein kinase domain	O92972	0.000246542676575935	0.00411434314142325	72.2237581089782	<a href='https://www.ebi.ac.uk/interpro/entry/IPR000719'>IPR000719</a>	<a href='http://www.uniprot.org/uniprot/O92972'>O92972</a>	3	4	637	15940
IPR011009	Protein kinase-like domain	P26660	0.000323543223058302	0.00500802572000934	65.6515876238983	<a href='https://www.ebi.ac.uk/interpro/entry/IPR011009'>IPR011009</a>	<a href='http://www.uniprot.org/uniprot/P26660'>P26660</a>	3	4	698	15940
IPR011009	Protein kinase-like domain	O92972	0.000323543223058302	0.00500802572000934	65.6515876238983	<a href='https://www.ebi.ac.uk/interpro/entry/IPR011009'>IPR011009</a>	<a href='http://www.uniprot.org/uniprot/O92972'>O92972</a>	3	4	698	15940
IPR027417	P-loop containing nucleoside triphosphate hydrolase	P12792	0.000346064276082124	0.00531792610571874	4.0105829344557	<a href='https://www.ebi.ac.uk/interpro/entry/IPR027417'>IPR027417</a>	<a href='http://www.uniprot.org/uniprot/P12792'>P12792</a>	11	50	1055	15940
IPR000719	Protein kinase domain	F5HC81	0.000437547499848177	0.00613567100209423	16.1011077757553	<a href='https://www.ebi.ac.uk/interpro/entry/IPR000719'>IPR000719</a>	<a href='http://www.uniprot.org/uniprot/F5HC81'>F5HC81</a>	4	10	637	15940
IPR027417	P-loop containing nucleoside triphosphate hydrolase	C5E522	0.000471060381452812	0.00648131204606439	3.16366694953293	<a href='https://www.ebi.ac.uk/interpro/entry/IPR027417'>IPR027417</a>	<a href='http://www.uniprot.org/uniprot/C5E522'>C5E522</a>	14	77	1055	15940
IPR000719	Protein kinase domain	Q77UV9	0.000557081547817219	0.00702772760489158	9.30163453866257	<a href='https://www.ebi.ac.uk/interpro/entry/IPR000719'>IPR000719</a>	<a href='http://www.uniprot.org/uniprot/Q77UV9'>Q77UV9</a>	5	18	637	15940
IPR013783	Immunoglobulin-like fold	P0CK58	0.000576426751284293	0.00715833019959443	2.68639439473537	<a href='https://www.ebi.ac.uk/interpro/entry/IPR013783'>IPR013783</a>	<a href='http://www.uniprot.org/uniprot/P0CK58'>P0CK58</a>	17	134	828	15940
IPR011009	Protein kinase-like domain	F5HC81	0.000619518918041061	0.00749624277855249	14.6244626582446	<a href='https://www.ebi.ac.uk/interpro/entry/IPR011009'>IPR011009</a>	<a href='http://www.uniprot.org/uniprot/F5HC81'>F5HC81</a>	4	10	698	15940
IPR027417	P-loop containing nucleoside triphosphate hydrolase	P06463	0.000799100187348262	0.00862655244038388	2.97401884633878	<a href='https://www.ebi.ac.uk/interpro/entry/IPR027417'>IPR027417</a>	<a href='http://www.uniprot.org/uniprot/P06463'>P06463</a>	14	81	1055	15940
IPR013083	Zinc finger, RING/FYVE/PHD-type	P03188	0.00137166541125485	0.0118355505068323	11.7059954931022	<a href='https://www.ebi.ac.uk/interpro/entry/IPR013083'>IPR013083</a>	<a href='http://www.uniprot.org/uniprot/P03188'>P03188</a>	4	10	862	15940
IPR013083	Zinc finger, RING/FYVE/PHD-type	Q91NH1	0.00206367457495198	0.0150637159154113	10.033770991196	<a href='https://www.ebi.ac.uk/interpro/entry/IPR013083'>IPR013083</a>	<a href='http://www.uniprot.org/uniprot/Q91NH1'>Q91NH1</a>	4	11	862	15940
IPR027417	P-loop containing nucleoside triphosphate hydrolase	Q2MG95	0.00260854186824361	0.0170053655624549	1.99114512768081	<a href='https://www.ebi.ac.uk/interpro/entry/IPR027417'>IPR027417</a>	<a href='http://www.uniprot.org/uniprot/Q2MG95'>Q2MG95</a>	24	196	1055	15940
IPR027417	P-loop containing nucleoside triphosphate hydrolase	Q05322	0.00614500651722771	0.0265152154229076	2.39919588415624	<a href='https://www.ebi.ac.uk/interpro/entry/IPR027417'>IPR027417</a>	<a href='http://www.uniprot.org/uniprot/Q05322'>Q05322</a>	13	90	1055	15940
IPR027417	P-loop containing nucleoside triphosphate hydrolase	P03179	0.00752768901649373	0.0292437021798304	3.15126783833883	<a href='https://www.ebi.ac.uk/interpro/entry/IPR027417'>IPR027417</a>	<a href='http://www.uniprot.org/uniprot/P03179'>P03179</a>	8	44	1055	15940
IPR013783	Immunoglobulin-like fold	P03182	0.00952274671791003	0.0327761897669874	2.09356594745899	<a href='https://www.ebi.ac.uk/interpro/entry/IPR013783'>IPR013783</a>	<a href='http://www.uniprot.org/uniprot/P03182'>P03182</a>	15	147	828	15940
IPR027417	P-loop containing nucleoside triphosphate hydrolase	Q6QDQ4	0.0106951603732413	0.0346941813348678	2.71597538921364	<a href='https://www.ebi.ac.uk/interpro/entry/IPR027417'>IPR027417</a>	<a href='http://www.uniprot.org/uniprot/Q6QDQ4'>Q6QDQ4</a>	9	56	1055	15940
IPR027417	P-loop containing nucleoside triphosphate hydrolase	O40939	0.0170301092839634	0.044527163756199	3.26841080791448	<a href='https://www.ebi.ac.uk/interpro/entry/IPR027417'>IPR027417</a>	<a href='http://www.uniprot.org/uniprot/O40939'>O40939</a>	6	32	1055	15940
IPR027417	P-loop containing nucleoside triphosphate hydrolase	P19712-PRO_0000038050	0.0194353968007474	0.0477825654907765	2.10263139245384	<a href='https://www.ebi.ac.uk/interpro/entry/IPR027417'>IPR027417</a>	<a href='http://www.uniprot.org/uniprot/P19712-PRO_0000038050'>P19712-PRO_0000038050</a>	12	93	1055	15940
